contact_id,work_phone,area_code,Phone_type
1,575-780-6421,575,Work
2,526-691-3663,526,Work
3,470-347-7202,470,Work
5,672-643-5210,672,Work
6,935-221-4565,935,Work
8,420-902-8960,420,Work
9,536-596-8574,536,Work
10,405-746-6553,405,Work
12,974-398-8066,974,Work
15,944-146-6149,944,Work
16,100-718-3343,100,Work
18,725-135-7813,725,Work
19,373-829-6128,373,Work
20,205-867-7790,205,Work
21,136-209-9292,136,Work
22,732-735-8158,732,Work
24,364-839-7318,364,Work
25,754-815-2133,754,Work
27,205-324-5139,205,Work
28,742-339-9060,742,Work
29,570-895-9983,570,Work
31,612-222-9943,612,Work
33,555-996-6608,555,Work
34,955-258-7776,955,Work
36,844-442-7505,844,Work
37,222-834-2561,222,Work
38,277-275-7948,277,Work
39,337-587-0981,337,Work
40,147-887-5649,147,Work
43,346-177-2480,346,Work
44,504-702-5753,504,Work
45,335-829-3422,335,Work
46,310-276-0552,310,Work
47,619-706-2111,619,Work
48,767-102-8784,767,Work
50,395-288-3413,395,Work
51,411-205-9343,411,Work
52,709-745-0219,709,Work
53,575-701-3295,575,Work
55,749-296-8636,749,Work
56,920-329-4108,920,Work
58,755-534-1340,755,Work
59,775-391-2049,775,Work
60,992-279-8238,992,Work
61,685-481-0480,685,Work
64,834-909-1478,834,Work
66,712-204-2142,712,Work
67,569-828-2353,569,Work
68,365-927-9690,365,Work
69,284-234-0042,284,Work
73,689-233-6416,689,Work
74,442-144-0201,442,Work
77,535-238-8834,535,Work
78,146-778-2020,146,Work
79,463-183-4657,463,Work
80,741-274-5179,741,Work
81,928-679-8594,928,Work
84,812-390-3319,812,Work
85,185-191-2451,185,Work
86,996-985-1004,996,Work
87,972-245-7747,972,Work
88,712-270-4972,712,Work
92,951-307-6360,951,Work
93,275-459-6375,275,Work
94,845-667-9320,845,Work
95,610-394-0372,610,Work
97,374-927-8236,374,Work
98,497-161-2807,497,Work
100,446-971-3511,446,Work
101,560-427-8364,560,Work
103,644-697-0806,644,Work
105,903-723-8230,903,Work
106,575-831-8442,575,Work
107,171-586-9880,171,Work
108,355-563-4878,355,Work
109,665-431-3941,665,Work
110,135-820-4074,135,Work
111,384-566-9537,384,Work
113,126-184-5686,126,Work
114,319-215-9511,319,Work
115,425-649-6990,425,Work
119,456-574-3485,456,Work
122,175-896-9475,175,Work
123,660-861-7324,660,Work
125,885-614-2560,885,Work
126,601-464-5787,601,Work
128,533-739-6596,533,Work
129,470-766-4449,470,Work
130,878-648-8002,878,Work
131,320-144-5636,320,Work
132,440-549-6823,440,Work
133,959-118-6515,959,Work
135,851-810-7191,851,Work
137,802-173-4188,802,Work
138,311-559-9990,311,Work
139,596-335-4027,596,Work
140,998-102-4319,998,Work
142,523-284-1173,523,Work
143,682-788-0921,682,Work
145,940-916-1708,940,Work
146,599-479-7143,599,Work
147,194-514-6250,194,Work
148,605-462-1975,605,Work
149,800-218-9724,800,Work
151,130-575-1451,130,Work
152,780-729-0513,780,Work
153,270-936-1024,270,Work
154,212-357-5802,212,Work
155,363-591-9833,363,Work
156,308-853-5308,308,Work
157,505-531-2951,505,Work
158,583-506-0181,583,Work
160,272-475-7047,272,Work
162,871-525-5326,871,Work
163,906-287-3813,906,Work
164,519-539-6640,519,Work
166,299-392-3863,299,Work
167,774-467-6424,774,Work
168,138-193-3944,138,Work
169,922-656-3574,922,Work
170,179-846-7624,179,Work
171,316-810-2478,316,Work
172,429-564-2215,429,Work
176,703-259-6055,703,Work
177,238-854-7937,238,Work
179,503-731-6441,503,Work
181,677-801-8753,677,Work
182,508-481-0030,508,Work
183,580-158-6597,580,Work
184,292-116-1054,292,Work
185,475-504-7773,475,Work
186,201-156-7465,201,Work
187,161-517-0954,161,Work
188,364-650-8064,364,Work
189,732-664-1953,732,Work
190,669-622-5273,669,Work
192,162-660-8196,162,Work
194,927-824-8433,927,Work
195,935-971-9145,935,Work
196,306-748-2425,306,Work
197,784-524-1493,784,Work
198,528-555-9675,528,Work
201,221-904-6120,221,Work
203,418-875-6867,418,Work
204,713-480-9106,713,Work
205,746-410-5130,746,Work
206,244-357-2839,244,Work
208,677-609-3277,677,Work
210,550-570-7649,550,Work
212,577-386-0520,577,Work
213,137-998-6889,137,Work
215,585-884-7792,585,Work
216,770-578-3527,770,Work
217,724-777-7402,724,Work
220,391-234-9494,391,Work
222,297-662-7654,297,Work
223,861-527-6830,861,Work
224,855-460-1939,855,Work
226,702-920-2292,702,Work
228,894-507-0455,894,Work
230,640-427-7474,640,Work
231,939-857-8068,939,Work
232,517-733-5398,517,Work
233,957-469-7349,957,Work
234,737-734-5439,737,Work
235,785-818-6829,785,Work
236,691-960-7950,691,Work
237,141-363-0839,141,Work
238,615-408-7705,615,Work
241,943-658-5773,943,Work
244,692-610-7221,692,Work
245,177-712-1163,177,Work
246,515-598-3351,515,Work
247,909-657-7010,909,Work
248,621-282-4315,621,Work
249,565-530-1901,565,Work
251,221-153-7818,221,Work
252,567-242-8553,567,Work
254,226-990-8334,226,Work
255,963-618-3936,963,Work
257,560-533-3577,560,Work
260,678-278-9610,678,Work
262,159-680-7922,159,Work
263,665-471-8093,665,Work
264,615-291-2936,615,Work
266,133-947-4353,133,Work
269,454-488-2348,454,Work
270,671-260-1052,671,Work
271,995-718-1899,995,Work
272,330-792-9306,330,Work
274,822-404-6599,822,Work
276,304-553-1314,304,Work
277,849-878-1350,849,Work
278,651-954-5706,651,Work
279,975-186-3275,975,Work
280,259-837-7467,259,Work
281,955-254-6266,955,Work
282,510-881-2776,510,Work
284,303-687-2112,303,Work
285,119-142-4923,119,Work
286,361-841-9483,361,Work
287,445-463-2036,445,Work
288,940-283-2494,940,Work
290,609-397-8181,609,Work
294,415-391-8624,415,Work
295,620-846-8310,620,Work
296,246-751-8770,246,Work
297,131-274-4339,131,Work
298,768-943-3582,768,Work
299,396-378-9449,396,Work
300,685-780-7436,685,Work
301,109-441-2458,109,Work
302,913-906-8441,913,Work
304,170-443-0516,170,Work
305,897-924-9172,897,Work
306,962-769-8706,962,Work
307,158-140-9215,158,Work
309,230-417-5878,230,Work
310,607-115-0976,607,Work
314,979-941-2868,979,Work
317,398-737-4833,398,Work
318,443-334-6477,443,Work
320,390-842-6160,390,Work
321,958-520-7861,958,Work
325,474-345-8269,474,Work
326,636-215-2441,636,Work
328,218-566-8321,218,Work
330,780-766-5194,780,Work
333,317-903-7792,317,Work
334,685-967-8364,685,Work
336,970-988-0877,970,Work
337,427-539-2916,427,Work
338,201-398-4375,201,Work
341,325-943-8882,325,Work
344,681-400-2720,681,Work
345,370-202-5960,370,Work
349,945-956-2686,945,Work
350,790-506-3204,790,Work
351,887-802-1736,887,Work
352,338-506-2497,338,Work
354,184-568-3761,184,Work
357,909-215-4838,909,Work
358,879-797-1124,879,Work
364,504-337-0116,504,Work
365,377-536-3273,377,Work
366,948-644-8406,948,Work
367,101-854-8404,101,Work
370,416-879-8878,416,Work
371,604-545-2282,604,Work
376,675-945-1790,675,Work
377,391-193-8566,391,Work
378,864-330-9633,864,Work
380,248-192-5921,248,Work
381,386-671-7528,386,Work
382,280-444-8902,280,Work
385,941-950-6164,941,Work
386,625-597-7748,625,Work
387,906-764-3201,906,Work
388,178-568-9297,178,Work
389,362-277-0473,362,Work
390,911-265-4340,911,Work
391,257-126-5945,257,Work
392,386-168-1195,386,Work
395,357-549-9858,357,Work
397,604-874-4819,604,Work
398,115-121-2435,115,Work
399,901-328-3792,901,Work
400,709-738-1738,709,Work
401,252-286-8767,252,Work
405,713-212-4104,713,Work
406,772-475-8322,772,Work
407,834-605-7974,834,Work
408,587-962-3774,587,Work
409,779-835-5111,779,Work
411,273-175-6814,273,Work
412,451-212-5486,451,Work
413,425-197-3858,425,Work
414,619-813-3510,619,Work
416,327-101-0402,327,Work
417,190-440-8826,190,Work
418,810-648-7739,810,Work
422,235-186-3222,235,Work
424,368-711-3336,368,Work
426,674-810-0933,674,Work
427,218-306-4059,218,Work
429,192-712-9675,192,Work
430,898-361-6855,898,Work
432,587-938-5724,587,Work
433,471-194-1796,471,Work
434,999-236-1304,999,Work
435,817-769-4012,817,Work
436,110-171-2404,110,Work
437,569-256-8237,569,Work
441,388-481-3001,388,Work
442,674-799-6565,674,Work
443,260-312-0545,260,Work
444,672-683-0513,672,Work
448,420-553-3770,420,Work
449,585-470-9801,585,Work
451,376-914-5367,376,Work
453,100-231-1817,100,Work
454,771-306-7181,771,Work
455,998-763-9884,998,Work
457,829-200-9897,829,Work
458,622-744-2732,622,Work
459,498-501-1581,498,Work
460,140-160-0913,140,Work
461,291-645-6297,291,Work
463,641-642-7666,641,Work
465,946-969-2724,946,Work
466,181-347-5668,181,Work
468,911-909-9299,911,Work
469,337-219-5406,337,Work
471,666-793-8432,666,Work
472,657-178-0570,657,Work
474,363-367-0385,363,Work
475,744-953-2520,744,Work
477,886-499-6561,886,Work
478,210-956-8721,210,Work
479,115-370-7575,115,Work
481,343-733-0736,343,Work
483,636-843-4437,636,Work
485,715-911-8841,715,Work
487,491-547-7293,491,Work
490,278-900-0285,278,Work
492,145-237-4249,145,Work
493,143-216-0318,143,Work
496,342-644-2961,342,Work
499,567-137-4078,567,Work
500,651-793-9301,651,Work
503,994-399-9693,994,Work
504,315-306-9566,315,Work
505,976-625-8362,976,Work
507,715-356-6425,715,Work
508,810-493-9449,810,Work
509,112-297-5716,112,Work
510,430-508-6482,430,Work
512,979-670-7880,979,Work
513,455-463-2077,455,Work
514,230-183-9892,230,Work
517,920-635-6087,920,Work
518,298-518-8826,298,Work
521,173-480-6540,173,Work
522,860-212-6627,860,Work
523,820-909-1852,820,Work
524,958-446-5383,958,Work
526,262-101-1866,262,Work
527,522-111-1653,522,Work
528,774-121-2397,774,Work
531,926-708-5734,926,Work
533,967-395-4123,967,Work
534,211-337-3346,211,Work
536,214-875-7894,214,Work
538,402-779-2874,402,Work
540,694-196-8569,694,Work
541,106-837-6086,106,Work
543,219-999-2565,219,Work
544,673-179-5889,673,Work
545,538-548-8954,538,Work
546,141-602-7456,141,Work
547,729-564-5716,729,Work
548,796-153-8520,796,Work
549,110-263-9113,110,Work
550,571-496-7077,571,Work
551,571-491-7267,571,Work
552,470-191-7272,470,Work
554,645-883-0748,645,Work
555,223-219-3564,223,Work
561,730-152-3265,730,Work
562,268-390-2705,268,Work
564,580-579-5910,580,Work
565,326-466-4626,326,Work
567,289-471-9015,289,Work
574,826-458-5115,826,Work
578,912-252-7214,912,Work
579,255-295-2018,255,Work
580,314-583-4688,314,Work
583,363-241-5864,363,Work
584,550-660-0455,550,Work
585,345-921-3286,345,Work
587,549-741-7424,549,Work
590,242-887-2472,242,Work
593,904-847-9468,904,Work
594,417-487-7198,417,Work
595,587-911-0972,587,Work
597,584-514-4430,584,Work
600,978-658-7078,978,Work
602,281-113-3567,281,Work
603,196-963-4204,196,Work
605,202-138-1150,202,Work
606,106-920-0104,106,Work
607,976-166-2533,976,Work
609,492-332-2085,492,Work
611,503-721-7245,503,Work
612,645-220-7767,645,Work
613,254-186-4625,254,Work
614,881-447-2783,881,Work
615,588-654-1271,588,Work
616,958-221-4092,958,Work
619,309-787-1028,309,Work
620,607-348-4886,607,Work
621,545-360-2357,545,Work
624,361-215-4638,361,Work
625,459-864-8915,459,Work
626,958-314-1802,958,Work
627,141-328-0941,141,Work
628,808-181-9129,808,Work
629,516-759-7808,516,Work
630,855-252-8005,855,Work
632,868-394-0329,868,Work
633,670-146-2731,670,Work
637,410-782-4597,410,Work
638,658-310-5747,658,Work
639,411-387-2270,411,Work
643,150-203-7396,150,Work
646,938-694-7934,938,Work
647,766-966-9973,766,Work
649,703-877-6527,703,Work
652,834-113-5525,834,Work
653,170-455-9776,170,Work
654,563-508-8755,563,Work
656,430-813-1811,430,Work
657,209-369-8056,209,Work
661,546-277-4408,546,Work
662,355-744-3975,355,Work
665,322-293-5214,322,Work
667,320-378-5745,320,Work
669,718-992-5788,718,Work
670,866-805-8565,866,Work
672,555-601-6156,555,Work
677,567-601-0882,567,Work
678,871-803-3297,871,Work
679,452-489-9350,452,Work
683,650-980-1375,650,Work
684,269-345-1175,269,Work
685,134-548-9619,134,Work
686,485-816-4440,485,Work
687,363-899-7487,363,Work
691,951-845-9890,951,Work
693,407-368-1194,407,Work
694,999-162-2933,999,Work
695,579-234-7739,579,Work
696,166-989-9371,166,Work
697,609-821-9967,609,Work
698,992-895-3755,992,Work
699,852-989-9589,852,Work
701,238-350-8604,238,Work
702,149-682-6017,149,Work
703,748-780-1052,748,Work
704,206-596-6259,206,Work
705,112-354-2818,112,Work
706,591-884-2691,591,Work
707,383-473-7913,383,Work
708,254-973-0667,254,Work
709,888-463-5289,888,Work
710,609-798-6342,609,Work
711,508-782-4142,508,Work
712,889-840-9544,889,Work
713,364-340-3725,364,Work
715,141-935-9216,141,Work
718,850-445-3974,850,Work
720,430-815-8673,430,Work
721,264-149-5605,264,Work
722,792-811-0958,792,Work
725,702-583-6644,702,Work
726,826-706-0583,826,Work
731,927-159-9833,927,Work
732,423-737-5515,423,Work
734,698-905-7989,698,Work
735,907-792-5792,907,Work
736,263-517-9014,263,Work
737,544-772-2234,544,Work
738,982-804-9481,982,Work
741,222-428-0051,222,Work
742,699-916-9933,699,Work
744,827-866-4417,827,Work
747,994-761-1526,994,Work
749,212-358-8470,212,Work
754,759-281-5716,759,Work
755,406-714-5478,406,Work
756,492-299-1126,492,Work
757,846-610-1635,846,Work
760,395-578-2184,395,Work
761,807-169-3416,807,Work
762,251-877-3283,251,Work
766,687-121-2366,687,Work
767,789-800-0107,789,Work
769,409-916-7452,409,Work
770,354-737-3709,354,Work
771,714-577-1869,714,Work
773,540-412-6074,540,Work
774,262-977-6146,262,Work
775,421-886-8330,421,Work
776,463-169-1702,463,Work
778,783-899-8456,783,Work
779,523-274-3133,523,Work
780,572-665-0771,572,Work
781,365-888-2710,365,Work
783,818-557-1124,818,Work
787,665-560-9478,665,Work
788,369-555-8732,369,Work
790,102-140-8293,102,Work
791,828-857-5737,828,Work
792,630-816-6545,630,Work
793,216-602-0444,216,Work
794,284-300-9216,284,Work
795,990-486-3670,990,Work
799,188-429-2865,188,Work
800,464-341-2474,464,Work
803,652-464-7873,652,Work
805,740-581-8838,740,Work
806,820-202-1804,820,Work
807,100-661-1518,100,Work
808,890-116-9319,890,Work
811,969-823-1176,969,Work
812,846-361-8738,846,Work
813,470-577-6907,470,Work
814,335-655-4840,335,Work
815,191-290-6834,191,Work
816,955-687-6674,955,Work
817,863-719-8150,863,Work
819,379-625-9619,379,Work
820,509-451-7131,509,Work
821,184-262-2570,184,Work
822,637-487-7892,637,Work
823,519-765-8448,519,Work
824,895-892-3925,895,Work
827,924-787-8391,924,Work
831,302-786-4295,302,Work
837,883-823-1560,883,Work
840,480-530-4680,480,Work
841,859-693-9970,859,Work
843,951-558-0099,951,Work
845,287-784-2258,287,Work
847,897-289-5995,897,Work
848,762-226-6419,762,Work
850,684-855-3678,684,Work
851,850-336-0262,850,Work
852,922-598-2752,922,Work
854,619-377-1740,619,Work
856,418-682-1742,418,Work
858,487-475-9225,487,Work
861,773-695-1138,773,Work
863,100-551-9931,100,Work
864,263-674-7139,263,Work
866,599-262-3891,599,Work
868,932-257-8479,932,Work
870,198-627-3502,198,Work
872,436-482-2868,436,Work
873,877-819-5507,877,Work
874,492-191-9580,492,Work
875,768-153-5458,768,Work
876,402-651-6655,402,Work
877,975-151-3750,975,Work
878,636-938-4380,636,Work
883,828-479-2638,828,Work
884,302-310-8598,302,Work
885,729-642-5024,729,Work
886,822-426-0682,822,Work
887,151-802-2646,151,Work
888,517-142-9744,517,Work
890,115-182-5549,115,Work
891,645-457-8243,645,Work
892,131-163-9605,131,Work
893,173-585-0760,173,Work
894,513-968-5046,513,Work
895,504-487-7687,504,Work
897,331-105-2795,331,Work
898,674-375-2354,674,Work
900,492-203-2282,492,Work
901,396-866-1865,396,Work
903,543-781-5916,543,Work
904,809-903-7313,809,Work
905,569-408-9837,569,Work
907,715-490-8705,715,Work
908,172-459-3393,172,Work
909,356-598-5553,356,Work
911,764-862-4579,764,Work
912,535-514-5330,535,Work
913,873-232-3815,873,Work
914,272-341-0221,272,Work
916,618-961-1432,618,Work
917,549-614-2514,549,Work
918,408-209-2742,408,Work
919,698-611-1794,698,Work
920,925-543-3212,925,Work
921,861-212-2774,861,Work
922,153-217-3714,153,Work
924,938-274-1169,938,Work
926,649-293-4621,649,Work
927,434-734-1027,434,Work
928,880-638-9246,880,Work
929,909-974-2259,909,Work
930,154-610-1051,154,Work
931,920-430-8576,920,Work
932,793-596-0425,793,Work
933,295-578-9581,295,Work
935,789-266-0855,789,Work
938,798-658-2702,798,Work
939,291-495-6448,291,Work
941,247-726-4817,247,Work
942,725-925-0587,725,Work
943,129-248-0082,129,Work
945,726-948-9688,726,Work
947,179-142-8780,179,Work
948,521-631-5872,521,Work
949,241-316-4084,241,Work
950,654-930-0410,654,Work
951,465-252-2566,465,Work
952,476-284-6613,476,Work
953,950-315-9532,950,Work
954,978-140-2685,978,Work
955,232-687-6979,232,Work
958,624-669-3214,624,Work
959,122-143-1477,122,Work
960,751-605-6734,751,Work
961,254-306-7137,254,Work
962,612-765-5005,612,Work
963,570-595-8540,570,Work
965,117-459-2460,117,Work
967,893-969-1217,893,Work
969,772-392-5742,772,Work
971,727-591-4194,727,Work
972,474-611-4311,474,Work
973,281-163-7057,281,Work
974,513-590-6081,513,Work
975,911-135-9814,911,Work
976,725-849-3877,725,Work
977,916-120-2308,916,Work
978,680-399-1077,680,Work
979,509-326-1544,509,Work
980,885-458-7049,885,Work
981,195-829-1027,195,Work
982,153-854-4154,153,Work
984,554-290-9935,554,Work
985,935-280-2452,935,Work
987,603-266-1070,603,Work
988,998-707-5639,998,Work
991,569-411-8436,569,Work
992,914-785-8696,914,Work
994,644-184-8850,644,Work
995,929-545-6545,929,Work
996,878-331-9664,878,Work
998,266-423-8899,266,Work
999,290-423-8165,290,Work