contact_id,cell_phone,area_code,Phone_type
1,732-392-7165,732,Cellular
2,907-913-3698,907,Cellular
3,637-715-3867,637,Cellular
4,359-747-1907,359,Cellular
5,543-710-0843,543,Cellular
6,227-992-2900,227,Cellular
7,181-781-9784,181,Cellular
8,871-791-7851,871,Cellular
9,933-257-7616,933,Cellular
10,747-303-4705,747,Cellular
11,423-257-0444,423,Cellular
12,537-987-3004,537,Cellular
13,994-189-5386,994,Cellular
14,223-746-7737,223,Cellular
15,769-740-9664,769,Cellular
16,275-477-5499,275,Cellular
17,272-367-4116,272,Cellular
18,770-282-5502,770,Cellular
19,131-155-6846,131,Cellular
20,452-967-2050,452,Cellular
21,310-517-1998,310,Cellular
22,905-442-0240,905,Cellular
23,886-702-1908,886,Cellular
24,562-617-1312,562,Cellular
25,873-511-6075,873,Cellular
26,826-297-4157,826,Cellular
27,770-453-6125,770,Cellular
28,806-105-9954,806,Cellular
29,899-522-4338,899,Cellular
30,993-228-0137,993,Cellular
31,939-693-0069,939,Cellular
32,330-860-4567,330,Cellular
34,189-158-2552,189,Cellular
35,929-650-9987,929,Cellular
36,713-373-4369,713,Cellular
37,708-580-5566,708,Cellular
38,544-254-3783,544,Cellular
39,918-967-1567,918,Cellular
40,441-572-3400,441,Cellular
41,798-797-3341,798,Cellular
42,519-774-5168,519,Cellular
43,808-824-0672,808,Cellular
44,584-539-0112,584,Cellular
45,398-879-3327,398,Cellular
46,930-819-8669,930,Cellular
47,146-300-8184,146,Cellular
48,637-650-0978,637,Cellular
50,488-851-7113,488,Cellular
51,771-812-0449,771,Cellular
52,258-263-5860,258,Cellular
53,378-873-6862,378,Cellular
54,125-655-6551,125,Cellular
55,320-344-7502,320,Cellular
56,614-951-1081,614,Cellular
57,158-791-4110,158,Cellular
58,502-272-1989,502,Cellular
59,743-364-4750,743,Cellular
60,801-995-3628,801,Cellular
61,978-461-6856,978,Cellular
62,791-162-2031,791,Cellular
63,968-277-3614,968,Cellular
64,798-873-9529,798,Cellular
65,288-674-1492,288,Cellular
66,334-497-2608,334,Cellular
68,203-431-4947,203,Cellular
69,307-758-9076,307,Cellular
70,849-695-9335,849,Cellular
71,748-818-7221,748,Cellular
72,697-516-7673,697,Cellular
74,359-128-8195,359,Cellular
75,853-669-6031,853,Cellular
76,182-313-3105,182,Cellular
77,645-688-9829,645,Cellular
78,952-872-9308,952,Cellular
80,896-621-0151,896,Cellular
81,301-947-1348,301,Cellular
82,442-776-7096,442,Cellular
83,131-277-8084,131,Cellular
84,112-337-2438,112,Cellular
85,467-112-0628,467,Cellular
86,512-999-1443,512,Cellular
87,311-847-9441,311,Cellular
88,322-220-0314,322,Cellular
89,793-596-6729,793,Cellular
90,920-954-7865,920,Cellular
91,996-463-7162,996,Cellular
92,685-563-0088,685,Cellular
93,335-464-4346,335,Cellular
94,289-490-2307,289,Cellular
95,438-145-4987,438,Cellular
96,299-709-3929,299,Cellular
97,322-529-5730,322,Cellular
98,554-908-6180,554,Cellular
99,298-978-5587,298,Cellular
100,518-928-2083,518,Cellular
101,467-169-7052,467,Cellular
102,601-151-6193,601,Cellular
103,415-761-2375,415,Cellular
104,932-478-6742,932,Cellular
105,612-751-9073,612,Cellular
106,738-834-4899,738,Cellular
107,518-553-9464,518,Cellular
108,215-217-7070,215,Cellular
109,817-774-4659,817,Cellular
110,985-795-6001,985,Cellular
111,280-593-0508,280,Cellular
112,634-832-4961,634,Cellular
113,671-420-1296,671,Cellular
114,743-968-9698,743,Cellular
115,850-168-3428,850,Cellular
116,685-794-3792,685,Cellular
117,626-230-5244,626,Cellular
118,189-946-4134,189,Cellular
119,499-521-3027,499,Cellular
120,525-786-1129,525,Cellular
121,162-591-7297,162,Cellular
122,734-943-5823,734,Cellular
123,927-269-5557,927,Cellular
124,560-540-7010,560,Cellular
125,368-393-8119,368,Cellular
126,819-216-7409,819,Cellular
127,510-507-2668,510,Cellular
128,417-939-5637,417,Cellular
129,689-724-6341,689,Cellular
130,659-300-9914,659,Cellular
131,485-509-8914,485,Cellular
132,205-273-2823,205,Cellular
133,739-726-5173,739,Cellular
134,561-758-3885,561,Cellular
135,780-319-6348,780,Cellular
136,665-863-3496,665,Cellular
137,101-658-4163,101,Cellular
138,965-369-3080,965,Cellular
139,630-176-1993,630,Cellular
140,126-191-0637,126,Cellular
141,399-410-3150,399,Cellular
142,400-632-7435,400,Cellular
143,402-749-4109,402,Cellular
144,623-440-3069,623,Cellular
145,680-996-8963,680,Cellular
146,741-405-2893,741,Cellular
147,189-144-5588,189,Cellular
148,907-464-2719,907,Cellular
149,889-791-3642,889,Cellular
150,874-633-0543,874,Cellular
151,277-234-5144,277,Cellular
152,769-583-9706,769,Cellular
153,338-545-2457,338,Cellular
154,963-970-8330,963,Cellular
155,259-209-3551,259,Cellular
156,160-914-8157,160,Cellular
157,588-860-2305,588,Cellular
158,609-339-6336,609,Cellular
159,219-803-4889,219,Cellular
160,668-695-7537,668,Cellular
161,788-965-0073,788,Cellular
162,322-212-6474,322,Cellular
163,681-758-5432,681,Cellular
164,737-458-3193,737,Cellular
165,605-413-5142,605,Cellular
166,913-227-5857,913,Cellular
167,207-356-3286,207,Cellular
168,726-561-0259,726,Cellular
169,729-528-9115,729,Cellular
170,809-251-6239,809,Cellular
171,350-841-0515,350,Cellular
172,991-300-9095,991,Cellular
173,945-688-3394,945,Cellular
174,575-837-2710,575,Cellular
175,836-247-5742,836,Cellular
176,260-445-9289,260,Cellular
177,991-681-1755,991,Cellular
178,530-615-9871,530,Cellular
179,928-280-1718,928,Cellular
180,739-370-4832,739,Cellular
181,288-380-7105,288,Cellular
182,882-224-4712,882,Cellular
183,141-927-3011,141,Cellular
184,206-601-7607,206,Cellular
186,733-271-6746,733,Cellular
187,294-234-8775,294,Cellular
188,658-428-6437,658,Cellular
189,666-116-3670,666,Cellular
190,710-160-0835,710,Cellular
191,155-927-4964,155,Cellular
192,467-144-6719,467,Cellular
193,307-434-2713,307,Cellular
194,119-187-2885,119,Cellular
195,739-246-0573,739,Cellular
196,421-829-5450,421,Cellular
197,334-595-0964,334,Cellular
198,542-380-6173,542,Cellular
199,860-312-4413,860,Cellular
200,975-952-1919,975,Cellular
201,890-454-6783,890,Cellular
202,676-107-4163,676,Cellular
203,589-241-6333,589,Cellular
204,455-443-4902,455,Cellular
205,877-939-3738,877,Cellular
206,753-171-5682,753,Cellular
207,356-576-5645,356,Cellular
208,786-731-7679,786,Cellular
209,513-711-1607,513,Cellular
210,657-297-0002,657,Cellular
211,842-685-8134,842,Cellular
212,572-785-8740,572,Cellular
213,789-670-9179,789,Cellular
214,954-560-0159,954,Cellular
215,111-927-8581,111,Cellular
217,237-677-8793,237,Cellular
218,943-829-3863,943,Cellular
219,346-897-2782,346,Cellular
220,807-509-2962,807,Cellular
221,537-449-9605,537,Cellular
222,815-680-8501,815,Cellular
223,885-336-0223,885,Cellular
224,279-915-7881,279,Cellular
225,874-561-1064,874,Cellular
226,678-756-8685,678,Cellular
227,630-405-4842,630,Cellular
228,333-696-7735,333,Cellular
229,707-137-5452,707,Cellular
230,996-239-6282,996,Cellular
231,885-591-7975,885,Cellular
232,419-189-5639,419,Cellular
233,970-819-3933,970,Cellular
234,122-939-1039,122,Cellular
235,381-747-2286,381,Cellular
236,584-484-5052,584,Cellular
237,692-668-4655,692,Cellular
238,530-939-4107,530,Cellular
239,159-352-8021,159,Cellular
240,131-454-9471,131,Cellular
241,883-698-2435,883,Cellular
242,223-145-1656,223,Cellular
243,999-916-5458,999,Cellular
244,226-203-9541,226,Cellular
245,728-170-8971,728,Cellular
246,510-441-3400,510,Cellular
247,704-231-1831,704,Cellular
248,927-393-3874,927,Cellular
249,911-980-1743,911,Cellular
250,777-692-0874,777,Cellular
251,652-464-2372,652,Cellular
252,315-345-3420,315,Cellular
253,358-481-9889,358,Cellular
254,842-207-9733,842,Cellular
255,864-714-1199,864,Cellular
256,162-326-8857,162,Cellular
257,476-246-1194,476,Cellular
259,741-804-6153,741,Cellular
260,283-519-9469,283,Cellular
261,945-878-4565,945,Cellular
262,246-174-7624,246,Cellular
263,790-858-7895,790,Cellular
264,538-789-7767,538,Cellular
266,245-116-9013,245,Cellular
267,337-365-4743,337,Cellular
268,772-450-3153,772,Cellular
269,682-336-4639,682,Cellular
270,586-386-6331,586,Cellular
271,321-560-5572,321,Cellular
272,764-228-2895,764,Cellular
273,547-651-5152,547,Cellular
274,111-793-8014,111,Cellular
275,895-547-1737,895,Cellular
276,184-223-7933,184,Cellular
277,760-300-2633,760,Cellular
278,901-126-9300,901,Cellular
279,652-311-2308,652,Cellular
280,365-532-8461,365,Cellular
281,519-708-3846,519,Cellular
282,106-456-2187,106,Cellular
283,752-383-6580,752,Cellular
285,773-473-4110,773,Cellular
286,538-587-2812,538,Cellular
287,700-525-5413,700,Cellular
288,260-897-3964,260,Cellular
289,433-532-3375,433,Cellular
290,901-256-3152,901,Cellular
291,138-663-4933,138,Cellular
293,739-816-0099,739,Cellular
294,953-634-4168,953,Cellular
295,921-335-4238,921,Cellular
296,582-587-1230,582,Cellular
298,732-280-5706,732,Cellular
299,653-199-8225,653,Cellular
300,846-766-7200,846,Cellular
301,896-317-8751,896,Cellular
302,154-328-0392,154,Cellular
303,119-729-4765,119,Cellular
304,840-147-0576,840,Cellular
305,113-241-1349,113,Cellular
306,178-700-0270,178,Cellular
307,375-407-0598,375,Cellular
308,573-758-2931,573,Cellular
309,788-262-8232,788,Cellular
310,525-859-0181,525,Cellular
311,104-832-7245,104,Cellular
312,699-189-6305,699,Cellular
313,417-811-4669,417,Cellular
314,841-660-4138,841,Cellular
315,246-314-6200,246,Cellular
316,765-819-3904,765,Cellular
317,474-102-5611,474,Cellular
318,814-327-8268,814,Cellular
319,271-620-3459,271,Cellular
320,450-835-5005,450,Cellular
321,760-889-6313,760,Cellular
322,778-705-5374,778,Cellular
323,958-856-0549,958,Cellular
324,160-418-9351,160,Cellular
325,733-536-4162,733,Cellular
326,472-676-4057,472,Cellular
327,409-417-0486,409,Cellular
328,307-710-4260,307,Cellular
329,764-688-7211,764,Cellular
330,848-331-1605,848,Cellular
331,149-358-4766,149,Cellular
332,246-709-2158,246,Cellular
333,771-692-8893,771,Cellular
334,132-906-7999,132,Cellular
335,885-579-2681,885,Cellular
336,161-223-5730,161,Cellular
337,599-700-6909,599,Cellular
339,635-593-9994,635,Cellular
340,954-704-6957,954,Cellular
341,538-136-8119,538,Cellular
342,933-245-1342,933,Cellular
343,318-945-1954,318,Cellular
344,742-597-4893,742,Cellular
345,928-252-8876,928,Cellular
346,384-325-2018,384,Cellular
347,289-546-6050,289,Cellular
348,669-658-9712,669,Cellular
349,716-616-9811,716,Cellular
350,226-607-7620,226,Cellular
351,568-437-8548,568,Cellular
352,471-483-0862,471,Cellular
353,162-579-5330,162,Cellular
354,733-556-6269,733,Cellular
355,833-658-0432,833,Cellular
356,470-788-5580,470,Cellular
357,618-361-8546,618,Cellular
358,932-912-9931,932,Cellular
359,596-502-0473,596,Cellular
360,864-376-6906,864,Cellular
361,797-503-8595,797,Cellular
362,403-213-9920,403,Cellular
363,780-333-1752,780,Cellular
364,857-353-9811,857,Cellular
365,929-204-2594,929,Cellular
366,402-523-1467,402,Cellular
367,301-167-5280,301,Cellular
368,716-962-9064,716,Cellular
369,654-969-1212,654,Cellular
370,317-229-1546,317,Cellular
371,489-298-2101,489,Cellular
372,496-842-3379,496,Cellular
373,307-231-2915,307,Cellular
374,601-142-2316,601,Cellular
375,801-567-5147,801,Cellular
376,361-713-1548,361,Cellular
377,791-318-8485,791,Cellular
378,517-774-9742,517,Cellular
379,917-581-1409,917,Cellular
380,975-592-3460,975,Cellular
381,916-497-8573,916,Cellular
382,418-679-8335,418,Cellular
383,876-831-4057,876,Cellular
384,948-770-0844,948,Cellular
385,308-669-7144,308,Cellular
386,577-509-8589,577,Cellular
387,610-520-1894,610,Cellular
388,270-500-4689,270,Cellular
389,247-136-6714,247,Cellular
390,212-973-3833,212,Cellular
391,690-629-8142,690,Cellular
392,963-162-6782,963,Cellular
393,429-480-2032,429,Cellular
394,833-420-8697,833,Cellular
395,970-795-8180,970,Cellular
396,890-165-7394,890,Cellular
397,879-639-3102,879,Cellular
398,453-676-5952,453,Cellular
399,301-780-8939,301,Cellular
401,819-492-5695,819,Cellular
402,176-314-4811,176,Cellular
403,346-501-9702,346,Cellular
405,551-497-8817,551,Cellular
406,379-446-5516,379,Cellular
408,122-772-1670,122,Cellular
409,931-380-6036,931,Cellular
410,407-944-3765,407,Cellular
411,482-696-8869,482,Cellular
412,488-713-4507,488,Cellular
413,407-607-9732,407,Cellular
414,895-876-0800,895,Cellular
415,672-198-3035,672,Cellular
416,706-806-9461,706,Cellular
417,374-441-7592,374,Cellular
418,615-660-2876,615,Cellular
419,664-565-4203,664,Cellular
420,455-220-3403,455,Cellular
421,897-443-3157,897,Cellular
422,243-870-9923,243,Cellular
424,392-581-2335,392,Cellular
425,989-833-6141,989,Cellular
426,737-408-4838,737,Cellular
427,789-513-4253,789,Cellular
428,777-238-3165,777,Cellular
429,762-682-2323,762,Cellular
430,131-639-1104,131,Cellular
431,832-750-2254,832,Cellular
432,795-888-6145,795,Cellular
433,231-592-2682,231,Cellular
434,693-126-2725,693,Cellular
435,197-372-8782,197,Cellular
436,928-902-2194,928,Cellular
437,493-474-6204,493,Cellular
438,185-738-4858,185,Cellular
439,788-839-4995,788,Cellular
440,290-239-4431,290,Cellular
441,681-884-9486,681,Cellular
442,451-576-9876,451,Cellular
443,367-653-7536,367,Cellular
444,623-129-3133,623,Cellular
445,560-910-4461,560,Cellular
446,537-563-3945,537,Cellular
447,731-927-9782,731,Cellular
448,711-728-1673,711,Cellular
449,712-191-9859,712,Cellular
450,985-835-1578,985,Cellular
451,243-475-8168,243,Cellular
452,774-896-0810,774,Cellular
453,766-603-1114,766,Cellular
454,577-152-7587,577,Cellular
455,168-600-1777,168,Cellular
456,975-887-0855,975,Cellular
458,532-293-4334,532,Cellular
459,306-893-4925,306,Cellular
460,319-242-9453,319,Cellular
461,133-848-9230,133,Cellular
462,143-268-5227,143,Cellular
463,904-488-3281,904,Cellular
464,972-732-8421,972,Cellular
465,884-502-5285,884,Cellular
466,422-640-9616,422,Cellular
467,340-749-6640,340,Cellular
468,913-260-5908,913,Cellular
469,146-161-0751,146,Cellular
470,720-670-6376,720,Cellular
471,385-172-2304,385,Cellular
472,969-108-3880,969,Cellular
473,178-497-6381,178,Cellular
474,125-302-8196,125,Cellular
475,804-532-6828,804,Cellular
476,531-212-5264,531,Cellular
478,649-281-1047,649,Cellular
479,962-482-1935,962,Cellular
480,503-252-7641,503,Cellular
482,364-450-9367,364,Cellular
483,226-268-4925,226,Cellular
484,290-907-7947,290,Cellular
485,412-462-6473,412,Cellular
486,712-821-7924,712,Cellular
487,191-116-3345,191,Cellular
488,995-568-9111,995,Cellular
489,882-870-4125,882,Cellular
490,544-499-8217,544,Cellular
491,249-736-5705,249,Cellular
492,426-371-4648,426,Cellular
493,741-629-5167,741,Cellular
494,412-898-1462,412,Cellular
495,623-397-6741,623,Cellular
497,356-575-5406,356,Cellular
498,628-451-7727,628,Cellular
499,541-954-8647,541,Cellular
500,982-103-7006,982,Cellular
501,554-363-3910,554,Cellular
502,465-408-7447,465,Cellular
503,819-693-7538,819,Cellular
505,169-800-2074,169,Cellular
506,400-217-6129,400,Cellular
507,222-174-1536,222,Cellular
508,323-761-6593,323,Cellular
509,377-143-2037,377,Cellular
510,725-458-2600,725,Cellular
511,949-602-5775,949,Cellular
512,444-778-0071,444,Cellular
513,307-403-5816,307,Cellular
514,635-815-2497,635,Cellular
515,781-256-5626,781,Cellular
516,100-440-4512,100,Cellular
517,509-929-8692,509,Cellular
519,770-873-8706,770,Cellular
520,496-320-8616,496,Cellular
521,615-435-9965,615,Cellular
522,189-377-0787,189,Cellular
523,966-964-0179,966,Cellular
524,280-859-4236,280,Cellular
525,995-904-0328,995,Cellular
526,666-522-2333,666,Cellular
527,143-178-7457,143,Cellular
528,228-614-3022,228,Cellular
529,846-411-1941,846,Cellular
530,411-930-8847,411,Cellular
531,833-330-1202,833,Cellular
532,257-399-6959,257,Cellular
533,834-528-4867,834,Cellular
534,268-910-1288,268,Cellular
535,690-106-0283,690,Cellular
536,773-429-6976,773,Cellular
537,379-426-6392,379,Cellular
538,361-290-8534,361,Cellular
539,240-249-6997,240,Cellular
540,166-200-7628,166,Cellular
541,836-478-4999,836,Cellular
542,820-350-1800,820,Cellular
543,612-978-5732,612,Cellular
544,701-167-1893,701,Cellular
545,282-640-1972,282,Cellular
546,643-498-4183,643,Cellular
547,419-754-2728,419,Cellular
548,617-202-0077,617,Cellular
549,487-626-5314,487,Cellular
550,291-698-6261,291,Cellular
551,820-802-6458,820,Cellular
552,437-908-2846,437,Cellular
553,229-671-5474,229,Cellular
554,577-580-4053,577,Cellular
555,822-393-0078,822,Cellular
556,843-451-1791,843,Cellular
557,889-261-1340,889,Cellular
558,983-241-7115,983,Cellular
559,827-681-0172,827,Cellular
560,305-655-7088,305,Cellular
561,144-914-0254,144,Cellular
562,781-632-9220,781,Cellular
563,733-214-8237,733,Cellular
564,197-249-1733,197,Cellular
565,198-524-8591,198,Cellular
567,815-780-0862,815,Cellular
568,967-319-8287,967,Cellular
569,420-714-2964,420,Cellular
570,610-499-9732,610,Cellular
571,867-953-2674,867,Cellular
572,193-918-3861,193,Cellular
573,314-746-1446,314,Cellular
574,506-611-4114,506,Cellular
575,581-371-1114,581,Cellular
576,992-563-5331,992,Cellular
577,894-651-4980,894,Cellular
578,616-843-8555,616,Cellular
579,918-789-2332,918,Cellular
580,168-703-7031,168,Cellular
581,943-883-6641,943,Cellular
582,949-219-9822,949,Cellular
583,711-262-8273,711,Cellular
584,558-703-4938,558,Cellular
585,540-389-9303,540,Cellular
586,185-841-2524,185,Cellular
587,824-465-2005,824,Cellular
588,955-330-9591,955,Cellular
589,182-512-8309,182,Cellular
590,762-150-2499,762,Cellular
591,799-945-6690,799,Cellular
592,962-992-2250,962,Cellular
593,849-383-8591,849,Cellular
594,606-637-5623,606,Cellular
595,211-290-6618,211,Cellular
596,102-896-6692,102,Cellular
597,811-394-2997,811,Cellular
598,398-137-0658,398,Cellular
599,738-290-4244,738,Cellular
600,675-560-3320,675,Cellular
601,768-844-0424,768,Cellular
602,678-941-4232,678,Cellular
603,293-218-7670,293,Cellular
604,275-786-1915,275,Cellular
605,214-103-3750,214,Cellular
606,617-988-8180,617,Cellular
607,338-584-1868,338,Cellular
608,365-102-8995,365,Cellular
609,795-349-4693,795,Cellular
610,618-986-1477,618,Cellular
611,950-675-7647,950,Cellular
612,541-794-4309,541,Cellular
613,872-117-4352,872,Cellular
614,191-593-8795,191,Cellular
615,730-116-1243,730,Cellular
616,797-128-7381,797,Cellular
617,539-695-6956,539,Cellular
618,274-215-8958,274,Cellular
619,237-313-0579,237,Cellular
620,788-362-9821,788,Cellular
621,991-348-5899,991,Cellular
622,521-341-2069,521,Cellular
623,770-647-3761,770,Cellular
624,442-129-3594,442,Cellular
625,943-657-4652,943,Cellular
626,590-566-3682,590,Cellular
627,520-985-7906,520,Cellular
628,807-466-1622,807,Cellular
629,443-124-4418,443,Cellular
630,450-863-9437,450,Cellular
631,695-564-0734,695,Cellular
632,866-109-3257,866,Cellular
633,405-804-2708,405,Cellular
634,544-581-7584,544,Cellular
635,737-348-1304,737,Cellular
636,450-584-1311,450,Cellular
637,389-649-1101,389,Cellular
638,457-991-3698,457,Cellular
639,918-849-6310,918,Cellular
640,808-184-1996,808,Cellular
641,453-651-2782,453,Cellular
642,699-705-3475,699,Cellular
643,685-893-7026,685,Cellular
644,224-524-2233,224,Cellular
645,577-689-5045,577,Cellular
646,573-844-2927,573,Cellular
647,426-347-4674,426,Cellular
648,805-729-1391,805,Cellular
649,549-871-4053,549,Cellular
650,524-406-2881,524,Cellular
651,143-406-7688,143,Cellular
652,926-457-7170,926,Cellular
653,680-770-8684,680,Cellular
654,689-102-5464,689,Cellular
656,313-365-1151,313,Cellular
657,934-193-4966,934,Cellular
658,198-664-5457,198,Cellular
659,888-577-4006,888,Cellular
660,794-835-3721,794,Cellular
661,653-649-4641,653,Cellular
662,523-432-5820,523,Cellular
663,645-280-3041,645,Cellular
664,435-538-1508,435,Cellular
665,954-437-2927,954,Cellular
666,785-108-8544,785,Cellular
667,101-749-1722,101,Cellular
668,561-432-2555,561,Cellular
669,673-462-7333,673,Cellular
670,193-253-0563,193,Cellular
671,618-293-4632,618,Cellular
672,556-259-0832,556,Cellular
673,781-768-0396,781,Cellular
674,447-381-5940,447,Cellular
675,163-751-8660,163,Cellular
676,684-808-7643,684,Cellular
677,160-581-9197,160,Cellular
679,562-432-5661,562,Cellular
680,757-425-1137,757,Cellular
681,274-910-5493,274,Cellular
682,317-371-5353,317,Cellular
684,264-835-9479,264,Cellular
685,890-909-3556,890,Cellular
686,239-186-1659,239,Cellular
687,341-209-4793,341,Cellular
688,162-671-9486,162,Cellular
689,497-485-7292,497,Cellular
691,337-757-3696,337,Cellular
692,339-607-5392,339,Cellular
693,126-960-8267,126,Cellular
694,809-583-0617,809,Cellular
695,870-269-9664,870,Cellular
696,237-158-0791,237,Cellular
697,229-141-3801,229,Cellular
698,839-794-3611,839,Cellular
699,349-430-5535,349,Cellular
700,892-606-6875,892,Cellular
702,628-471-7410,628,Cellular
703,245-865-9040,245,Cellular
704,561-504-5497,561,Cellular
705,676-298-1608,676,Cellular
706,994-903-1104,994,Cellular
707,700-722-7992,700,Cellular
708,240-698-4944,240,Cellular
709,454-212-6861,454,Cellular
710,707-822-5697,707,Cellular
711,560-301-6536,560,Cellular
712,278-450-9238,278,Cellular
713,426-933-5180,426,Cellular
714,331-672-2921,331,Cellular
715,384-866-2152,384,Cellular
716,893-921-2595,893,Cellular
717,635-914-0041,635,Cellular
718,438-600-3714,438,Cellular
719,383-613-1514,383,Cellular
720,416-209-2963,416,Cellular
722,654-821-9595,654,Cellular
723,435-665-2796,435,Cellular
724,850-527-5802,850,Cellular
725,571-782-3790,571,Cellular
726,570-123-4717,570,Cellular
727,129-995-6104,129,Cellular
728,163-119-9054,163,Cellular
730,942-322-0366,942,Cellular
731,446-663-3234,446,Cellular
732,407-294-3291,407,Cellular
733,412-873-1963,412,Cellular
734,198-353-0171,198,Cellular
735,566-144-1490,566,Cellular
736,710-227-8087,710,Cellular
737,666-637-2262,666,Cellular
738,677-638-4228,677,Cellular
739,117-747-9474,117,Cellular
740,657-129-7689,657,Cellular
741,846-880-9400,846,Cellular
742,594-797-7349,594,Cellular
743,488-358-8606,488,Cellular
744,893-958-0205,893,Cellular
745,477-280-6150,477,Cellular
746,144-684-9231,144,Cellular
747,155-859-2860,155,Cellular
748,411-462-2089,411,Cellular
749,367-914-9091,367,Cellular
750,739-981-9312,739,Cellular
751,527-673-8144,527,Cellular
752,871-873-4280,871,Cellular
753,925-942-3489,925,Cellular
754,202-862-7214,202,Cellular
755,790-311-3319,790,Cellular
756,164-195-2433,164,Cellular
757,715-368-2670,715,Cellular
758,703-430-0243,703,Cellular
759,435-980-5496,435,Cellular
760,175-885-5598,175,Cellular
762,245-280-5114,245,Cellular
763,193-469-6202,193,Cellular
764,354-528-6045,354,Cellular
765,984-498-4524,984,Cellular
766,179-878-9463,179,Cellular
767,515-908-3850,515,Cellular
768,226-829-9439,226,Cellular
769,582-188-7155,582,Cellular
770,354-502-9009,354,Cellular
771,232-954-2721,232,Cellular
772,475-759-8362,475,Cellular
773,495-717-8160,495,Cellular
774,236-882-1672,236,Cellular
775,675-770-6272,675,Cellular
776,677-287-5171,677,Cellular
777,658-234-4773,658,Cellular
778,771-868-0578,771,Cellular
779,958-420-4603,958,Cellular
781,736-364-7316,736,Cellular
782,273-211-9574,273,Cellular
783,158-452-0388,158,Cellular
784,647-133-1410,647,Cellular
785,612-975-2427,612,Cellular
786,764-413-6459,764,Cellular
787,269-173-4766,269,Cellular
788,939-231-3713,939,Cellular
789,577-976-2774,577,Cellular
790,584-724-4248,584,Cellular
791,553-604-9124,553,Cellular
792,718-132-7090,718,Cellular
793,124-216-7599,124,Cellular
794,323-360-8000,323,Cellular
795,205-769-5463,205,Cellular
796,581-392-0541,581,Cellular
797,424-455-7802,424,Cellular
798,679-119-6948,679,Cellular
799,765-800-5698,765,Cellular
800,463-902-4296,463,Cellular
801,152-159-2780,152,Cellular
802,900-564-1292,900,Cellular
803,367-493-3539,367,Cellular
804,714-232-1586,714,Cellular
805,426-330-7105,426,Cellular
806,540-200-3639,540,Cellular
808,247-864-8753,247,Cellular
809,737-232-4132,737,Cellular
810,776-832-5177,776,Cellular
811,182-733-9114,182,Cellular
812,431-449-3115,431,Cellular
813,944-558-2647,944,Cellular
814,722-606-1802,722,Cellular
815,283-889-0953,283,Cellular
816,622-752-0843,622,Cellular
817,845-171-0555,845,Cellular
818,879-419-6928,879,Cellular
819,294-257-3187,294,Cellular
820,850-113-0655,850,Cellular
821,444-854-0708,444,Cellular
822,590-444-7984,590,Cellular
823,407-262-6721,407,Cellular
824,834-537-0203,834,Cellular
825,258-890-1612,258,Cellular
826,636-442-5293,636,Cellular
827,343-451-6744,343,Cellular
828,771-969-9250,771,Cellular
829,174-294-1074,174,Cellular
830,270-380-7807,270,Cellular
832,406-805-5023,406,Cellular
833,269-427-3689,269,Cellular
834,633-496-2564,633,Cellular
835,343-943-3323,343,Cellular
836,201-541-9001,201,Cellular
837,962-703-9002,962,Cellular
838,215-180-4077,215,Cellular
839,900-162-0415,900,Cellular
840,233-835-0822,233,Cellular
841,959-996-4686,959,Cellular
842,717-877-3925,717,Cellular
843,617-186-5787,617,Cellular
844,283-755-7709,283,Cellular
845,414-111-9268,414,Cellular
846,127-211-9811,127,Cellular
847,836-212-6365,836,Cellular
848,831-799-3385,831,Cellular
849,592-373-9842,592,Cellular
850,371-699-7087,371,Cellular
851,712-748-3983,712,Cellular
852,253-819-0347,253,Cellular
853,893-991-4691,893,Cellular
854,592-773-8920,592,Cellular
855,773-970-7769,773,Cellular
856,562-151-7702,562,Cellular
857,475-516-0015,475,Cellular
858,732-607-9193,732,Cellular
859,908-946-5348,908,Cellular
861,869-605-8648,869,Cellular
862,566-451-9884,566,Cellular
863,562-697-0174,562,Cellular
865,611-207-0976,611,Cellular
866,753-922-1251,753,Cellular
867,156-990-4734,156,Cellular
868,572-872-6675,572,Cellular
869,785-171-6879,785,Cellular
870,131-317-1518,131,Cellular
871,485-304-0029,485,Cellular
872,200-526-2666,200,Cellular
873,799-585-8288,799,Cellular
874,446-417-1884,446,Cellular
875,318-407-3334,318,Cellular
876,964-726-2215,964,Cellular
877,972-937-5922,972,Cellular
878,699-896-4652,699,Cellular
879,774-736-3169,774,Cellular
880,626-288-0290,626,Cellular
881,471-399-3025,471,Cellular
882,968-208-2262,968,Cellular
883,146-826-1049,146,Cellular
884,360-954-0551,360,Cellular
885,139-777-1175,139,Cellular
886,740-650-7982,740,Cellular
887,762-365-7049,762,Cellular
888,521-860-4447,521,Cellular
889,336-449-9484,336,Cellular
890,267-928-7637,267,Cellular
891,704-448-5776,704,Cellular
892,108-422-0748,108,Cellular
893,304-621-4618,304,Cellular
894,465-885-9521,465,Cellular
895,586-522-6792,586,Cellular
896,695-464-1164,695,Cellular
897,705-151-4680,705,Cellular
898,786-663-1035,786,Cellular
899,925-150-5049,925,Cellular
900,336-531-2531,336,Cellular
901,433-829-3574,433,Cellular
902,135-569-2811,135,Cellular
903,590-725-6958,590,Cellular
904,856-398-0578,856,Cellular
905,405-294-0354,405,Cellular
906,365-921-2424,365,Cellular
907,704-701-5716,704,Cellular
908,903-538-4006,903,Cellular
909,193-769-0070,193,Cellular
910,447-261-2908,447,Cellular
911,532-690-2012,532,Cellular
912,662-288-1945,662,Cellular
913,519-805-8817,519,Cellular
914,278-628-1248,278,Cellular
915,963-964-6693,963,Cellular
916,548-444-1321,548,Cellular
917,927-420-0428,927,Cellular
918,610-298-9312,610,Cellular
919,177-625-0466,177,Cellular
920,381-838-3680,381,Cellular
921,306-302-4597,306,Cellular
922,583-175-7708,583,Cellular
923,388-596-7894,388,Cellular
924,832-816-9702,832,Cellular
925,476-548-1102,476,Cellular
926,425-610-4193,425,Cellular
927,968-538-6158,968,Cellular
928,962-673-5830,962,Cellular
929,950-929-7243,950,Cellular
930,362-811-5120,362,Cellular
931,683-843-9184,683,Cellular
932,369-495-7039,369,Cellular
933,704-135-3954,704,Cellular
934,762-894-9374,762,Cellular
935,714-165-8456,714,Cellular
936,248-295-1132,248,Cellular
937,716-968-6727,716,Cellular
938,332-909-8747,332,Cellular
939,638-754-6103,638,Cellular
940,133-539-9549,133,Cellular
942,316-722-4796,316,Cellular
943,342-499-4819,342,Cellular
944,247-852-4696,247,Cellular
945,158-479-8009,158,Cellular
946,221-613-6514,221,Cellular
947,738-414-8729,738,Cellular
948,501-963-7323,501,Cellular
949,160-194-2393,160,Cellular
951,650-372-6354,650,Cellular
952,830-430-3997,830,Cellular
953,695-426-5891,695,Cellular
954,254-431-8674,254,Cellular
955,449-656-2670,449,Cellular
956,775-849-0874,775,Cellular
957,450-490-8847,450,Cellular
958,802-791-8423,802,Cellular
959,634-358-4269,634,Cellular
960,310-561-3883,310,Cellular
961,188-364-4360,188,Cellular
962,473-801-5006,473,Cellular
963,982-989-8369,982,Cellular
964,135-857-3539,135,Cellular
965,357-246-4169,357,Cellular
966,618-850-7109,618,Cellular
967,307-695-3290,307,Cellular
968,751-314-1091,751,Cellular
969,522-532-7632,522,Cellular
970,430-408-0373,430,Cellular
971,350-773-0890,350,Cellular
972,805-597-6743,805,Cellular
973,338-961-3558,338,Cellular
974,501-940-1523,501,Cellular
975,684-423-9257,684,Cellular
976,213-779-9815,213,Cellular
977,814-757-2525,814,Cellular
978,722-225-7767,722,Cellular
979,727-717-8575,727,Cellular
980,603-661-8661,603,Cellular
981,584-623-3883,584,Cellular
982,133-729-1440,133,Cellular
983,404-917-0949,404,Cellular
984,559-290-1726,559,Cellular
985,882-789-1124,882,Cellular
986,643-101-9733,643,Cellular
987,713-594-7295,713,Cellular
988,984-335-4433,984,Cellular
989,916-995-4675,916,Cellular
990,125-555-5586,125,Cellular
991,315-727-4644,315,Cellular
992,630-956-5252,630,Cellular
993,871-510-0110,871,Cellular
994,281-491-8104,281,Cellular
995,499-711-1417,499,Cellular
996,511-907-3315,511,Cellular
997,273-728-1271,273,Cellular
998,220-911-1306,220,Cellular
999,470-418-2608,470,Cellular
1000,952-976-4138,952,Cellular